{"cameraMode":{"drawMode":0,"name":"Shaded","section":"Shading Mode"},"sceneLighting":false,"audioPlay":false,"sceneViewState":{"showFog":true,"showMaterialUpdate":false,"showSkybox":true,"showFlares":true,"showImageEffects":true,"showParticleSystems":true},"in2DMode":false,"pivot":{"x":14.963722229003907,"y":-3.881570816040039,"z":6.987243175506592},"rotation":{"x":-0.15427687764167787,"y":-0.47718319296836855,"z":0.08551444113254547,"w":-0.860981285572052},"size":22.0,"orthographic":false}