{"cameraMode":{"drawMode":0,"name":"Shaded","section":"Shading Mode"},"sceneLighting":false,"audioPlay":false,"sceneViewState":{"showFog":true,"showMaterialUpdate":false,"showSkybox":true,"showFlares":true,"showImageEffects":true,"showParticleSystems":true},"in2DMode":false,"pivot":{"x":60.99147033691406,"y":-3.479954719543457,"z":1.6564216613769532},"rotation":{"x":0.001264529419131577,"y":-0.9727588295936585,"z":0.23187367618083955,"w":0.005259227007627487},"size":31.01736068725586,"orthographic":false}