{"cameraMode":{"drawMode":0,"name":"Shaded","section":"Shading Mode"},"sceneLighting":false,"audioPlay":false,"sceneViewState":{"showFog":true,"showMaterialUpdate":false,"showSkybox":true,"showFlares":true,"showImageEffects":true,"showParticleSystems":true},"in2DMode":false,"pivot":{"x":-1.4163817167282105,"y":0.48402976989746096,"z":0.3261842727661133},"rotation":{"x":0.001264529419131577,"y":-0.9727588295936585,"z":0.23187367618083955,"w":0.005259227007627487},"size":4.7568840980529789,"orthographic":false}