{"cameraMode":{"drawMode":0,"name":"Shaded","section":"Shading Mode"},"sceneLighting":false,"audioPlay":false,"sceneViewState":{"showFog":true,"showMaterialUpdate":false,"showSkybox":true,"showFlares":true,"showImageEffects":true,"showParticleSystems":true},"in2DMode":false,"pivot":{"x":3.1477015018463136,"y":-4.855129718780518,"z":8.29848575592041},"rotation":{"x":0.17171096801757813,"y":-0.26786383986473086,"z":0.04860539734363556,"w":0.9468364715576172},"size":22.0,"orthographic":false}