{"cameraMode":{"drawMode":0,"name":"Shaded","section":"Shading Mode"},"sceneLighting":false,"audioPlay":false,"sceneViewState":{"showFog":true,"showMaterialUpdate":false,"showSkybox":true,"showFlares":true,"showImageEffects":true,"showParticleSystems":true},"in2DMode":false,"pivot":{"x":88.07588195800781,"y":3.410159111022949,"z":-8.624162673950196},"rotation":{"x":0.06435675919055939,"y":-0.8975757360458374,"z":0.13978570699691773,"w":0.41317683458328249},"size":46.09474563598633,"orthographic":false}