{"cameraMode":{"drawMode":0,"name":"Shaded","section":"Shading Mode"},"sceneLighting":false,"audioPlay":false,"sceneViewState":{"showFog":true,"showMaterialUpdate":false,"showSkybox":true,"showFlares":true,"showImageEffects":true,"showParticleSystems":true},"in2DMode":false,"pivot":{"x":11.131814956665039,"y":3.150217294692993,"z":10.000514030456543},"rotation":{"x":-0.010385015979409218,"y":0.9890644550323486,"z":-0.12076052278280258,"w":-0.08446773886680603},"size":2.8578836917877199,"orthographic":false}