{"cameraMode":{"drawMode":0,"name":"Shaded","section":"Shading Mode"},"sceneLighting":false,"audioPlay":false,"sceneViewState":{"showFog":true,"showMaterialUpdate":false,"showSkybox":true,"showFlares":true,"showImageEffects":true,"showParticleSystems":true},"in2DMode":false,"pivot":{"x":63.773719787597659,"y":-0.2109365463256836,"z":-6.3839874267578129},"rotation":{"x":-0.1594972163438797,"y":-0.8141615390777588,"z":0.26395124197006228,"w":-0.4920201003551483},"size":21.9554500579834,"orthographic":false}